gene_id,hpo_id
HLA-A,HP:0000518
HLA-A,HP:0000532
HLA-A,HP:0000541
HLA-A,HP:0000543
HLA-A,HP:0000572
HLA-A,HP:0000610
HLA-A,HP:0000613
HLA-A,HP:0000622
HLA-A,HP:0007843
HLA-A,HP:0007906
HLA-A,HP:0008046
HLA-A,HP:0011505
HLA-A,HP:0011506
HLA-A,HP:0011508
HLA-A,HP:0011531
HLA-A,HP:0030329
HLA-A,HP:0030530
HLA-A,HP:0030609
HLA-A,HP:0030644
HLA-A,HP:0100014
HLA-A,HP:0100533
HLA-A,HP:0100832
HLA-A,HP:0200056
HLA-B,HP:0000010
HLA-B,HP:0000031
HLA-B,HP:0000083
HLA-B,HP:0000099
HLA-B,HP:0000155
HLA-B,HP:0000206
HLA-B,HP:0000365
HLA-B,HP:0000405
HLA-B,HP:0000421
HLA-B,HP:0000488
HLA-B,HP:0000505
HLA-B,HP:0000508
HLA-B,HP:0000509
HLA-B,HP:0000518
HLA-B,HP:0000554
HLA-B,HP:0000572
HLA-B,HP:0000597
HLA-B,HP:0000613
HLA-B,HP:0000618
HLA-B,HP:0000621
HLA-B,HP:0000639
HLA-B,HP:0000648
HLA-B,HP:0000651
HLA-B,HP:0000708
HLA-B,HP:0000716
HLA-B,HP:0000737
HLA-B,HP:0000790
HLA-B,HP:0000795
HLA-B,HP:0000822
HLA-B,HP:0000873
HLA-B,HP:0000962
HLA-B,HP:0000975
HLA-B,HP:0000988
HLA-B,HP:0001061
HLA-B,HP:0001097
HLA-B,HP:0001101
HLA-B,HP:0001123
HLA-B,HP:0001250
HLA-B,HP:0001251
HLA-B,HP:0001260
HLA-B,HP:0001269
HLA-B,HP:0001287
HLA-B,HP:0001288
HLA-B,HP:0001289
HLA-B,HP:0001297
HLA-B,HP:0001324
HLA-B,HP:0001347
HLA-B,HP:0001369
HLA-B,HP:0001386
HLA-B,HP:0001387
HLA-B,HP:0001399
HLA-B,HP:0001426
HLA-B,HP:0001482
HLA-B,HP:0001596
HLA-B,HP:0001597
HLA-B,HP:0001635
HLA-B,HP:0001637
HLA-B,HP:0001644
HLA-B,HP:0001645
HLA-B,HP:0001646
HLA-B,HP:0001653
HLA-B,HP:0001654
HLA-B,HP:0001658
HLA-B,HP:0001659
HLA-B,HP:0001701
HLA-B,HP:0001733
HLA-B,HP:0001744
HLA-B,HP:0001824
HLA-B,HP:0001872
HLA-B,HP:0001873
HLA-B,HP:0001874
HLA-B,HP:0001903
HLA-B,HP:0001920
HLA-B,HP:0001945
HLA-B,HP:0001954
HLA-B,HP:0001960
HLA-B,HP:0002014
HLA-B,HP:0002015
HLA-B,HP:0002017
HLA-B,HP:0002024
HLA-B,HP:0002027
HLA-B,HP:0002037
HLA-B,HP:0002039
HLA-B,HP:0002043
HLA-B,HP:0002076
HLA-B,HP:0002091
HLA-B,HP:0002092
HLA-B,HP:0002093
HLA-B,HP:0002094
HLA-B,HP:0002102
HLA-B,HP:0002103
HLA-B,HP:0002105
HLA-B,HP:0002113
HLA-B,HP:0002167
HLA-B,HP:0002202
HLA-B,HP:0002204
HLA-B,HP:0002205
HLA-B,HP:0002206
HLA-B,HP:0002239
HLA-B,HP:0002315
HLA-B,HP:0002321
HLA-B,HP:0002326
HLA-B,HP:0002354
HLA-B,HP:0002367
HLA-B,HP:0002376
HLA-B,HP:0002383
HLA-B,HP:0002516
HLA-B,HP:0002617
HLA-B,HP:0002633
HLA-B,HP:0002637
HLA-B,HP:0002638
HLA-B,HP:0002647
HLA-B,HP:0002716
HLA-B,HP:0002754
HLA-B,HP:0002808
HLA-B,HP:0002829
HLA-B,HP:0002910
HLA-B,HP:0002923
HLA-B,HP:0003249
HLA-B,HP:0003326
HLA-B,HP:0003401
HLA-B,HP:0003418
HLA-B,HP:0003419
HLA-B,HP:0003565
HLA-B,HP:0003765
HLA-B,HP:0003781
HLA-B,HP:0004306
HLA-B,HP:0004372
HLA-B,HP:0004417
HLA-B,HP:0004420
HLA-B,HP:0004936
HLA-B,HP:0004970
HLA-B,HP:0005112
HLA-B,HP:0005216
HLA-B,HP:0005244
HLA-B,HP:0005413
HLA-B,HP:0005764
HLA-B,HP:0006554
HLA-B,HP:0006824
HLA-B,HP:0007256
HLA-B,HP:0007813
HLA-B,HP:0008066
HLA-B,HP:0008391
HLA-B,HP:0008843
HLA-B,HP:0009830
HLA-B,HP:0010783
HLA-B,HP:0010885
HLA-B,HP:0011107
HLA-B,HP:0011227
HLA-B,HP:0011658
HLA-B,HP:0011675
HLA-B,HP:0011899
HLA-B,HP:0012089
HLA-B,HP:0012121
HLA-B,HP:0012122
HLA-B,HP:0012219
HLA-B,HP:0012317
HLA-B,HP:0012378
HLA-B,HP:0012649
HLA-B,HP:0012733
HLA-B,HP:0012735
HLA-B,HP:0012819
HLA-B,HP:0020141
HLA-B,HP:0025532
HLA-B,HP:0030016
HLA-B,HP:0030164
HLA-B,HP:0030166
HLA-B,HP:0030783
HLA-B,HP:0031246
HLA-B,HP:0032554
HLA-B,HP:0033123
HLA-B,HP:0033430
HLA-B,HP:0033834
HLA-B,HP:0034438
HLA-B,HP:0040313
HLA-B,HP:0100326
HLA-B,HP:0100518
HLA-B,HP:0100543
HLA-B,HP:0100545
HLA-B,HP:0100576
HLA-B,HP:0100584
HLA-B,HP:0100614
HLA-B,HP:0100653
HLA-B,HP:0100654
HLA-B,HP:0100686
HLA-B,HP:0100721
HLA-B,HP:0100735
HLA-B,HP:0100749
HLA-B,HP:0100758
HLA-B,HP:0100773
HLA-B,HP:0100776
HLA-B,HP:0100792
HLA-B,HP:0100796
HLA-B,HP:0100806
HLA-B,HP:0100809
HLA-B,HP:0100820
HLA-B,HP:0200020
HLA-B,HP:0200034
HLA-B,HP:0200039
HLA-B,HP:0200042
HLA-B,HP:0500006
HLA-B,HP:4000041
HLA-B,HP:6000502
HLA-B,HP:6000944
HLA-B,HP:6000945
HMGCR,HP:0000007
HMGCR,HP:0001265
HMGCR,HP:0001284
HMGCR,HP:0001315
HMGCR,HP:0002015
HMGCR,HP:0002093
HMGCR,HP:0002098
HMGCR,HP:0002505
HMGCR,HP:0002747
HMGCR,HP:0003155
HMGCR,HP:0003236
HMGCR,HP:0003326
HMGCR,HP:0003327
HMGCR,HP:0003593
HMGCR,HP:0003596
HMGCR,HP:0003621
HMGCR,HP:0003687
HMGCR,HP:0003701
HMGCR,HP:0003738
HMGCR,HP:0003803
HMGCR,HP:0004379
HMGCR,HP:0004887
HMGCR,HP:0007210
HMGCR,HP:0008981
HMGCR,HP:0009129
HMGCR,HP:0010602
HMGCR,HP:0011463
HMGCR,HP:0012240
HMGCR,HP:0025168
HMGCR,HP:0030099
HMGCR,HP:0031956
HMGCR,HP:0031964
HMGCR,HP:0040081
HMGCR,HP:0100297
HMGCR,HP:0410174
HMGCR,HP:0410263
SCN10A,HP:0000006
SCN10A,HP:0000365
SCN10A,HP:0000989
SCN10A,HP:0001197
SCN10A,HP:0001250
SCN10A,HP:0001279
SCN10A,HP:0001645
SCN10A,HP:0001649
SCN10A,HP:0001663
SCN10A,HP:0001664
SCN10A,HP:0001688
SCN10A,HP:0001695
SCN10A,HP:0001872
SCN10A,HP:0001909
SCN10A,HP:0002019
SCN10A,HP:0002045
SCN10A,HP:0002205
SCN10A,HP:0002633
SCN10A,HP:0002900
SCN10A,HP:0002936
SCN10A,HP:0003581
SCN10A,HP:0004308
SCN10A,HP:0004751
SCN10A,HP:0004755
SCN10A,HP:0005135
SCN10A,HP:0005184
SCN10A,HP:0009830
SCN10A,HP:0010741
SCN10A,HP:0010783
SCN10A,HP:0011704
SCN10A,HP:0011705
SCN10A,HP:0011712
SCN10A,HP:0011715
SCN10A,HP:0012251
SCN10A,HP:0012332
SCN10A,HP:0012533
SCN10A,HP:0012534
SCN10A,HP:0032147
SCN10A,HP:0200101
SCN10A,HP:0500018
SCN11A,HP:0000006
SCN11A,HP:0000975
SCN11A,HP:0000989
SCN11A,HP:0001058
SCN11A,HP:0001250
SCN11A,HP:0001270
SCN11A,HP:0001324
SCN11A,HP:0001872
SCN11A,HP:0001909
SCN11A,HP:0002014
SCN11A,HP:0002019
SCN11A,HP:0002045
SCN11A,HP:0002205
SCN11A,HP:0002633
SCN11A,HP:0002936
SCN11A,HP:0003577
SCN11A,HP:0003593
SCN11A,HP:0007021
SCN11A,HP:0009830
SCN11A,HP:0010741
SCN11A,HP:0010783
SCN11A,HP:0012332
SCN11A,HP:0012531
SCN11A,HP:0012533
SCN11A,HP:0012534
SCN11A,HP:0032147
SCN11A,HP:0200101
SCN1A,HP:0000006
SCN1A,HP:0000154
SCN1A,HP:0000160
SCN1A,HP:0000179
SCN1A,HP:0000219
SCN1A,HP:0000252
SCN1A,HP:0000289
SCN1A,HP:0000316
SCN1A,HP:0000343
SCN1A,HP:0000348
SCN1A,HP:0000360
SCN1A,HP:0000365
SCN1A,HP:0000431
SCN1A,HP:0000463
SCN1A,HP:0000466
SCN1A,HP:0000494
SCN1A,HP:0000504
SCN1A,HP:0000505
SCN1A,HP:0000508
SCN1A,HP:0000546
SCN1A,HP:0000568
SCN1A,HP:0000575
SCN1A,HP:0000613
SCN1A,HP:0000618
SCN1A,HP:0000639
SCN1A,HP:0000648
SCN1A,HP:0000651
SCN1A,HP:0000668
SCN1A,HP:0000708
SCN1A,HP:0000709
SCN1A,HP:0000717
SCN1A,HP:0000718
SCN1A,HP:0000729
SCN1A,HP:0000733
SCN1A,HP:0000736
SCN1A,HP:0000737
SCN1A,HP:0000739
SCN1A,HP:0000741
SCN1A,HP:0000750
SCN1A,HP:0000752
SCN1A,HP:0000826
SCN1A,HP:0000980
SCN1A,HP:0001159
SCN1A,HP:0001249
SCN1A,HP:0001250
SCN1A,HP:0001251
SCN1A,HP:0001252
SCN1A,HP:0001257
SCN1A,HP:0001259
SCN1A,HP:0001260
SCN1A,HP:0001263
SCN1A,HP:0001265
SCN1A,HP:0001266
SCN1A,HP:0001268
SCN1A,HP:0001269
SCN1A,HP:0001270
SCN1A,HP:0001272
SCN1A,HP:0001273
SCN1A,HP:0001276
SCN1A,HP:0001288
SCN1A,HP:0001289
SCN1A,HP:0001290
SCN1A,HP:0001298
SCN1A,HP:0001300
SCN1A,HP:0001308
SCN1A,HP:0001315
SCN1A,HP:0001324
SCN1A,HP:0001326
SCN1A,HP:0001327
SCN1A,HP:0001332
SCN1A,HP:0001336
SCN1A,HP:0001337
SCN1A,HP:0001344
SCN1A,HP:0001348
SCN1A,HP:0001508
SCN1A,HP:0001558
SCN1A,HP:0001763
SCN1A,HP:0001999
SCN1A,HP:0002020
SCN1A,HP:0002059
SCN1A,HP:0002063
SCN1A,HP:0002067
SCN1A,HP:0002069
SCN1A,HP:0002072
SCN1A,HP:0002077
SCN1A,HP:0002121
SCN1A,HP:0002123
SCN1A,HP:0002133
SCN1A,HP:0002167
SCN1A,HP:0002172
SCN1A,HP:0002181
SCN1A,HP:0002183
SCN1A,HP:0002197
SCN1A,HP:0002283
SCN1A,HP:0002292
SCN1A,HP:0002301
SCN1A,HP:0002307
SCN1A,HP:0002311
SCN1A,HP:0002317
SCN1A,HP:0002321
SCN1A,HP:0002332
SCN1A,HP:0002345
SCN1A,HP:0002349
SCN1A,HP:0002353
SCN1A,HP:0002363
SCN1A,HP:0002373
SCN1A,HP:0002376
SCN1A,HP:0002381
SCN1A,HP:0002384
SCN1A,HP:0002392
SCN1A,HP:0002396
SCN1A,HP:0002421
SCN1A,HP:0002463
SCN1A,HP:0002487
SCN1A,HP:0002509
SCN1A,HP:0002521
SCN1A,HP:0002527
SCN1A,HP:0002539
SCN1A,HP:0002540
SCN1A,HP:0002650
SCN1A,HP:0002922
SCN1A,HP:0003066
SCN1A,HP:0003392
SCN1A,HP:0003401
SCN1A,HP:0003593
SCN1A,HP:0003621
SCN1A,HP:0003828
SCN1A,HP:0004302
SCN1A,HP:0004305
SCN1A,HP:0004322
SCN1A,HP:0004684
SCN1A,HP:0005484
SCN1A,HP:0006813
SCN1A,HP:0007010
SCN1A,HP:0007018
SCN1A,HP:0007058
SCN1A,HP:0007207
SCN1A,HP:0007209
SCN1A,HP:0007240
SCN1A,HP:0007256
SCN1A,HP:0007270
SCN1A,HP:0007334
SCN1A,HP:0007359
SCN1A,HP:0007979
SCN1A,HP:0008081
SCN1A,HP:0008770
SCN1A,HP:0008936
SCN1A,HP:0008947
SCN1A,HP:0008959
SCN1A,HP:0009928
SCN1A,HP:0010533
SCN1A,HP:0010544
SCN1A,HP:0010818
SCN1A,HP:0010819
SCN1A,HP:0010821
SCN1A,HP:0010829
SCN1A,HP:0010833
SCN1A,HP:0010835
SCN1A,HP:0010841
SCN1A,HP:0010844
SCN1A,HP:0010845
SCN1A,HP:0010849
SCN1A,HP:0010850
SCN1A,HP:0011097
SCN1A,HP:0011150
SCN1A,HP:0011151
SCN1A,HP:0011153
SCN1A,HP:0011157
SCN1A,HP:0011169
SCN1A,HP:0011170
SCN1A,HP:0011171
SCN1A,HP:0011172
SCN1A,HP:0011182
SCN1A,HP:0011185
SCN1A,HP:0011195
SCN1A,HP:0011196
SCN1A,HP:0011197
SCN1A,HP:0011198
SCN1A,HP:0011199
SCN1A,HP:0011220
SCN1A,HP:0011443
SCN1A,HP:0011462
SCN1A,HP:0011463
SCN1A,HP:0011468
SCN1A,HP:0011471
SCN1A,HP:0011968
SCN1A,HP:0012044
SCN1A,HP:0012075
SCN1A,HP:0012229
SCN1A,HP:0012444
SCN1A,HP:0012447
SCN1A,HP:0012448
SCN1A,HP:0012508
SCN1A,HP:0012547
SCN1A,HP:0012758
SCN1A,HP:0012760
SCN1A,HP:0012847
SCN1A,HP:0020216
SCN1A,HP:0025101
SCN1A,HP:0025190
SCN1A,HP:0025517
SCN1A,HP:0030786
SCN1A,HP:0031179
SCN1A,HP:0031475
SCN1A,HP:0031834
SCN1A,HP:0032044
SCN1A,HP:0032506
SCN1A,HP:0032792
SCN1A,HP:0032794
SCN1A,HP:0032900
SCN1A,HP:0032901
SCN1A,HP:0033258
SCN1A,HP:0100543
SCN1A,HP:0100576
SCN1A,HP:0100660
SCN1A,HP:0100678
SCN1A,HP:0100694
SCN1A,HP:0100702
SCN1A,HP:0100704
SCN1A,HP:0100710
SCN1A,HP:0100851
SCN1A,HP:0200048
SCN1A,HP:0200134
SCN1A,HP:0200149
SCN1A,HP:0410263
SCN2A,HP:0000006
SCN2A,HP:0000054
SCN2A,HP:0000070
SCN2A,HP:0000110
SCN2A,HP:0000175
SCN2A,HP:0000252
SCN2A,HP:0000297
SCN2A,HP:0000340
SCN2A,HP:0000348
SCN2A,HP:0000463
SCN2A,HP:0000466
SCN2A,HP:0000486
SCN2A,HP:0000505
SCN2A,HP:0000565
SCN2A,HP:0000577
SCN2A,HP:0000639
SCN2A,HP:0000657
SCN2A,HP:0000707
SCN2A,HP:0000708
SCN2A,HP:0000712
SCN2A,HP:0000717
SCN2A,HP:0000718
SCN2A,HP:0000729
SCN2A,HP:0000736
SCN2A,HP:0000739
SCN2A,HP:0000750
SCN2A,HP:0000752
SCN2A,HP:0000826
SCN2A,HP:0000961
SCN2A,HP:0000975
SCN2A,HP:0000980
SCN2A,HP:0001249
SCN2A,HP:0001250
SCN2A,HP:0001251
SCN2A,HP:0001252
SCN2A,HP:0001254
SCN2A,HP:0001257
SCN2A,HP:0001260
SCN2A,HP:0001263
SCN2A,HP:0001266
SCN2A,HP:0001268
SCN2A,HP:0001272
SCN2A,HP:0001273
SCN2A,HP:0001276
SCN2A,HP:0001284
SCN2A,HP:0001298
SCN2A,HP:0001300
SCN2A,HP:0001302
SCN2A,HP:0001327
SCN2A,HP:0001332
SCN2A,HP:0001336
SCN2A,HP:0001337
SCN2A,HP:0001347
SCN2A,HP:0001350
SCN2A,HP:0001500
SCN2A,HP:0001508
SCN2A,HP:0001537
SCN2A,HP:0001629
SCN2A,HP:0001638
SCN2A,HP:0001763
SCN2A,HP:0001944
SCN2A,HP:0002013
SCN2A,HP:0002014
SCN2A,HP:0002015
SCN2A,HP:0002018
SCN2A,HP:0002019
SCN2A,HP:0002033
SCN2A,HP:0002039
SCN2A,HP:0002059
SCN2A,HP:0002063
SCN2A,HP:0002067
SCN2A,HP:0002069
SCN2A,HP:0002072
SCN2A,HP:0002079
SCN2A,HP:0002098
SCN2A,HP:0002104
SCN2A,HP:0002121
SCN2A,HP:0002123
SCN2A,HP:0002131
SCN2A,HP:0002133
SCN2A,HP:0002172
SCN2A,HP:0002197
SCN2A,HP:0002205
SCN2A,HP:0002263
SCN2A,HP:0002266
SCN2A,HP:0002273
SCN2A,HP:0002283
SCN2A,HP:0002307
SCN2A,HP:0002311
SCN2A,HP:0002315
SCN2A,HP:0002321
SCN2A,HP:0002344
SCN2A,HP:0002345
SCN2A,HP:0002349
SCN2A,HP:0002353
SCN2A,HP:0002360
SCN2A,HP:0002361
SCN2A,HP:0002372
SCN2A,HP:0002373
SCN2A,HP:0002376
SCN2A,HP:0002384
SCN2A,HP:0002396
SCN2A,HP:0002421
SCN2A,HP:0002483
SCN2A,HP:0002487
SCN2A,HP:0002506
SCN2A,HP:0002510
SCN2A,HP:0002521
SCN2A,HP:0002539
SCN2A,HP:0002540
SCN2A,HP:0002579
SCN2A,HP:0002650
SCN2A,HP:0002714
SCN2A,HP:0002835
SCN2A,HP:0003066
SCN2A,HP:0003270
SCN2A,HP:0003593
SCN2A,HP:0004302
SCN2A,HP:0004684
SCN2A,HP:0005135
SCN2A,HP:0005280
SCN2A,HP:0006813
SCN2A,HP:0007010
SCN2A,HP:0007058
SCN2A,HP:0007166
SCN2A,HP:0007204
SCN2A,HP:0007207
SCN2A,HP:0007240
SCN2A,HP:0007256
SCN2A,HP:0007270
SCN2A,HP:0007334
SCN2A,HP:0007359
SCN2A,HP:0008081
SCN2A,HP:0008770
SCN2A,HP:0008947
SCN2A,HP:0009381
SCN2A,HP:0010174
SCN2A,HP:0010532
SCN2A,HP:0010818
SCN2A,HP:0010819
SCN2A,HP:0010821
SCN2A,HP:0010841
SCN2A,HP:0010850
SCN2A,HP:0010851
SCN2A,HP:0011024
SCN2A,HP:0011097
SCN2A,HP:0011121
SCN2A,HP:0011151
SCN2A,HP:0011153
SCN2A,HP:0011167
SCN2A,HP:0011169
SCN2A,HP:0011171
SCN2A,HP:0011172
SCN2A,HP:0011182
SCN2A,HP:0011185
SCN2A,HP:0011190
SCN2A,HP:0011193
SCN2A,HP:0011198
SCN2A,HP:0011344
SCN2A,HP:0011463
SCN2A,HP:0011468
SCN2A,HP:0011499
SCN2A,HP:0011675
SCN2A,HP:0011968
SCN2A,HP:0012194
SCN2A,HP:0012332
SCN2A,HP:0012448
SCN2A,HP:0012469
SCN2A,HP:0012547
SCN2A,HP:0012554
SCN2A,HP:0012758
SCN2A,HP:0012759
SCN2A,HP:0012847
SCN2A,HP:0020221
SCN2A,HP:0025101
SCN2A,HP:0025335
SCN2A,HP:0025401
SCN2A,HP:0030915
SCN2A,HP:0031284
SCN2A,HP:0031475
SCN2A,HP:0031491
SCN2A,HP:0031546
SCN2A,HP:0031834
SCN2A,HP:0031931
SCN2A,HP:0032649
SCN2A,HP:0032678
SCN2A,HP:0032792
SCN2A,HP:0032794
SCN2A,HP:0032807
SCN2A,HP:0032823
SCN2A,HP:0032906
SCN2A,HP:0045074
SCN2A,HP:0045084
SCN2A,HP:0100543
SCN2A,HP:0100660
SCN2A,HP:0100694
SCN2A,HP:0100702
SCN2A,HP:0100710
SCN2A,HP:0100716
SCN2A,HP:0200048
SCN2A,HP:0200134
SCN2A,HP:0200136
SCN2A,HP:0410263
SCN3A,HP:0000006
SCN3A,HP:0000252
SCN3A,HP:0000274
SCN3A,HP:0000348
SCN3A,HP:0000494
SCN3A,HP:0000504
SCN3A,HP:0000508
SCN3A,HP:0000546
SCN3A,HP:0000639
SCN3A,HP:0000648
SCN3A,HP:0000668
SCN3A,HP:0000708
SCN3A,HP:0000717
SCN3A,HP:0000750
SCN3A,HP:0001249
SCN3A,HP:0001250
SCN3A,HP:0001251
SCN3A,HP:0001252
SCN3A,HP:0001257
SCN3A,HP:0001263
SCN3A,HP:0001265
SCN3A,HP:0001268
SCN3A,HP:0001273
SCN3A,HP:0001288
SCN3A,HP:0001290
SCN3A,HP:0001298
SCN3A,HP:0001315
SCN3A,HP:0001336
SCN3A,HP:0001337
SCN3A,HP:0001344
SCN3A,HP:0001508
SCN3A,HP:0001558
SCN3A,HP:0002015
SCN3A,HP:0002020
SCN3A,HP:0002059
SCN3A,HP:0002063
SCN3A,HP:0002069
SCN3A,HP:0002079
SCN3A,HP:0002126
SCN3A,HP:0002133
SCN3A,HP:0002317
SCN3A,HP:0002376
SCN3A,HP:0002384
SCN3A,HP:0002421
SCN3A,HP:0002500
SCN3A,HP:0002509
SCN3A,HP:0002510
SCN3A,HP:0002521
SCN3A,HP:0002540
SCN3A,HP:0003593
SCN3A,HP:0003623
SCN3A,HP:0004305
SCN3A,HP:0004322
SCN3A,HP:0007018
SCN3A,HP:0007359
SCN3A,HP:0010844
SCN3A,HP:0011171
SCN3A,HP:0011443
SCN3A,HP:0011463
SCN3A,HP:0011471
SCN3A,HP:0011968
SCN3A,HP:0012332
SCN3A,HP:0012444
SCN3A,HP:0012447
SCN3A,HP:0012547
SCN3A,HP:0020221
SCN3A,HP:0100660
SCN3A,HP:0100704
SCN3A,HP:0100710
SCN3A,HP:0200134
SCN4A,HP:0000006
SCN4A,HP:0000007
SCN4A,HP:0000194
SCN4A,HP:0000207
SCN4A,HP:0000218
SCN4A,HP:0000276
SCN4A,HP:0000278
SCN4A,HP:0000286
SCN4A,HP:0000322
SCN4A,HP:0000347
SCN4A,HP:0000369
SCN4A,HP:0000431
SCN4A,HP:0000470
SCN4A,HP:0000486
SCN4A,HP:0000490
SCN4A,HP:0000494
SCN4A,HP:0000496
SCN4A,HP:0000508
SCN4A,HP:0000520
SCN4A,HP:0000544
SCN4A,HP:0000597
SCN4A,HP:0000602
SCN4A,HP:0000622
SCN4A,HP:0000651
SCN4A,HP:0000664
SCN4A,HP:0000678
SCN4A,HP:0000767
SCN4A,HP:0000771
SCN4A,HP:0000821
SCN4A,HP:0000883
SCN4A,HP:0000939
SCN4A,HP:0000961
SCN4A,HP:0001249
SCN4A,HP:0001252
SCN4A,HP:0001270
SCN4A,HP:0001276
SCN4A,HP:0001288
SCN4A,HP:0001290
SCN4A,HP:0001315
SCN4A,HP:0001319
SCN4A,HP:0001324
SCN4A,HP:0001371
SCN4A,HP:0001376
SCN4A,HP:0001446
SCN4A,HP:0001488
SCN4A,HP:0001522
SCN4A,HP:0001541
SCN4A,HP:0001558
SCN4A,HP:0001561
SCN4A,HP:0001608
SCN4A,HP:0001611
SCN4A,HP:0001612
SCN4A,HP:0001623
SCN4A,HP:0001635
SCN4A,HP:0001662
SCN4A,HP:0001771
SCN4A,HP:0001790
SCN4A,HP:0001883
SCN4A,HP:0002007
SCN4A,HP:0002015
SCN4A,HP:0002047
SCN4A,HP:0002089
SCN4A,HP:0002091
SCN4A,HP:0002093
SCN4A,HP:0002094
SCN4A,HP:0002098
SCN4A,HP:0002099
SCN4A,HP:0002104
SCN4A,HP:0002153
SCN4A,HP:0002194
SCN4A,HP:0002202
SCN4A,HP:0002203
SCN4A,HP:0002240
SCN4A,HP:0002329
SCN4A,HP:0002343
SCN4A,HP:0002352
SCN4A,HP:0002359
SCN4A,HP:0002380
SCN4A,HP:0002474
SCN4A,HP:0002486
SCN4A,HP:0002491
SCN4A,HP:0002515
SCN4A,HP:0002607
SCN4A,HP:0002650
SCN4A,HP:0002747
SCN4A,HP:0002792
SCN4A,HP:0002808
SCN4A,HP:0002875
SCN4A,HP:0002878
SCN4A,HP:0002900
SCN4A,HP:0002902
SCN4A,HP:0002943
SCN4A,HP:0002987
SCN4A,HP:0003044
SCN4A,HP:0003100
SCN4A,HP:0003121
SCN4A,HP:0003196
SCN4A,HP:0003198
SCN4A,HP:0003200
SCN4A,HP:0003202
SCN4A,HP:0003236
SCN4A,HP:0003273
SCN4A,HP:0003306
SCN4A,HP:0003307
SCN4A,HP:0003324
SCN4A,HP:0003326
SCN4A,HP:0003327
SCN4A,HP:0003388
SCN4A,HP:0003391
SCN4A,HP:0003394
SCN4A,HP:0003401
SCN4A,HP:0003402
SCN4A,HP:0003403
SCN4A,HP:0003443
SCN4A,HP:0003457
SCN4A,HP:0003458
SCN4A,HP:0003470
SCN4A,HP:0003473
SCN4A,HP:0003484
SCN4A,HP:0003547
SCN4A,HP:0003552
SCN4A,HP:0003557
SCN4A,HP:0003577
SCN4A,HP:0003593
SCN4A,HP:0003621
SCN4A,HP:0003623
SCN4A,HP:0003687
SCN4A,HP:0003690
SCN4A,HP:0003691
SCN4A,HP:0003694
SCN4A,HP:0003700
SCN4A,HP:0003701
SCN4A,HP:0003712
SCN4A,HP:0003720
SCN4A,HP:0003722
SCN4A,HP:0003740
SCN4A,HP:0003752
SCN4A,HP:0003768
SCN4A,HP:0003803
SCN4A,HP:0003811
SCN4A,HP:0003829
SCN4A,HP:0004303
SCN4A,HP:0004322
SCN4A,HP:0004875
SCN4A,HP:0005180
SCN4A,HP:0005257
SCN4A,HP:0005348
SCN4A,HP:0005659
SCN4A,HP:0005879
SCN4A,HP:0005949
SCN4A,HP:0006670
SCN4A,HP:0007215
SCN4A,HP:0008081
SCN4A,HP:0008153
SCN4A,HP:0008180
SCN4A,HP:0008256
SCN4A,HP:0008872
SCN4A,HP:0008967
SCN4A,HP:0009004
SCN4A,HP:0009005
SCN4A,HP:0009020
SCN4A,HP:0009077
SCN4A,HP:0010307
SCN4A,HP:0010548
SCN4A,HP:0010628
SCN4A,HP:0010804
SCN4A,HP:0011042
SCN4A,HP:0011309
SCN4A,HP:0011462
SCN4A,HP:0011675
SCN4A,HP:0011809
SCN4A,HP:0011923
SCN4A,HP:0011968
SCN4A,HP:0011998
SCN4A,HP:0012240
SCN4A,HP:0012378
SCN4A,HP:0012515
SCN4A,HP:0012531
SCN4A,HP:0012548
SCN4A,HP:0012726
SCN4A,HP:0012764
SCN4A,HP:0012892
SCN4A,HP:0012899
SCN4A,HP:0012900
SCN4A,HP:0012901
SCN4A,HP:0012902
SCN4A,HP:0012903
SCN4A,HP:0012904
SCN4A,HP:0020045
SCN4A,HP:0025425
SCN4A,HP:0025709
SCN4A,HP:0030196
SCN4A,HP:0030199
SCN4A,HP:0030208
SCN4A,HP:0030319
SCN4A,HP:0030674
SCN4A,HP:0030799
SCN4A,HP:0030842
SCN4A,HP:0031108
SCN4A,HP:0031352
SCN4A,HP:0031372
SCN4A,HP:0031374
SCN4A,HP:0033454
SCN4A,HP:0034197
SCN4A,HP:0034198
SCN4A,HP:0034671
SCN4A,HP:0100021
SCN4A,HP:0100284
SCN4A,HP:0100613
SCN4A,HP:0100749
SCN4A,HP:0410011
SCN4A,HP:6000833
SCN5A,HP:0000006
SCN5A,HP:0000007
SCN5A,HP:0000365
SCN5A,HP:0000407
SCN5A,HP:0000969
SCN5A,HP:0001197
SCN5A,HP:0001250
SCN5A,HP:0001260
SCN5A,HP:0001279
SCN5A,HP:0001297
SCN5A,HP:0001371
SCN5A,HP:0001426
SCN5A,HP:0001627
SCN5A,HP:0001635
SCN5A,HP:0001638
SCN5A,HP:0001644
SCN5A,HP:0001645
SCN5A,HP:0001649
SCN5A,HP:0001657
SCN5A,HP:0001658
SCN5A,HP:0001662
SCN5A,HP:0001663
SCN5A,HP:0001664
SCN5A,HP:0001678
SCN5A,HP:0001688
SCN5A,HP:0001695
SCN5A,HP:0001699
SCN5A,HP:0001712
SCN5A,HP:0001727
SCN5A,HP:0001789
SCN5A,HP:0001790
SCN5A,HP:0001907
SCN5A,HP:0001962
SCN5A,HP:0002018
SCN5A,HP:0002027
SCN5A,HP:0002047
SCN5A,HP:0002094
SCN5A,HP:0002140
SCN5A,HP:0002301
SCN5A,HP:0002315
SCN5A,HP:0002321
SCN5A,HP:0002381
SCN5A,HP:0002875
SCN5A,HP:0002900
SCN5A,HP:0003198
SCN5A,HP:0003202
SCN5A,HP:0003457
SCN5A,HP:0003546
SCN5A,HP:0003560
SCN5A,HP:0003577
SCN5A,HP:0003581
SCN5A,HP:0003596
SCN5A,HP:0003621
SCN5A,HP:0004308
SCN5A,HP:0004749
SCN5A,HP:0004751
SCN5A,HP:0004754
SCN5A,HP:0004755
SCN5A,HP:0004756
SCN5A,HP:0004757
SCN5A,HP:0005110
SCN5A,HP:0005133
SCN5A,HP:0005135
SCN5A,HP:0005155
SCN5A,HP:0005170
SCN5A,HP:0005172
SCN5A,HP:0005180
SCN5A,HP:0005184
SCN5A,HP:0005949
SCN5A,HP:0006673
SCN5A,HP:0006682
SCN5A,HP:0006699
SCN5A,HP:0011462
SCN5A,HP:0011463
SCN5A,HP:0011675
SCN5A,HP:0011688
SCN5A,HP:0011704
SCN5A,HP:0011705
SCN5A,HP:0011707
SCN5A,HP:0011710
SCN5A,HP:0011711
SCN5A,HP:0011712
SCN5A,HP:0011713
SCN5A,HP:0011715
SCN5A,HP:0011841
SCN5A,HP:0012248
SCN5A,HP:0012251
SCN5A,HP:0012332
SCN5A,HP:0012378
SCN5A,HP:0012664
SCN5A,HP:0012722
SCN5A,HP:0012764
SCN5A,HP:0025169
SCN5A,HP:0025478
SCN5A,HP:0030682
SCN5A,HP:0030973
SCN5A,HP:0031295
SCN5A,HP:0031546
SCN5A,HP:0031595
SCN5A,HP:0033122
SCN5A,HP:0034198
SCN5A,HP:0100578
SCN5A,HP:0100749
SCN5A,HP:0410174
SCN5A,HP:0500018
SCN8A,HP:0000006
SCN8A,HP:0000252
SCN8A,HP:0000253
SCN8A,HP:0000348
SCN8A,HP:0000486
SCN8A,HP:0000494
SCN8A,HP:0000504
SCN8A,HP:0000508
SCN8A,HP:0000546
SCN8A,HP:0000609
SCN8A,HP:0000639
SCN8A,HP:0000640
SCN8A,HP:0000646
SCN8A,HP:0000648
SCN8A,HP:0000668
SCN8A,HP:0000708
SCN8A,HP:0000717
SCN8A,HP:0000722
SCN8A,HP:0000729
SCN8A,HP:0000750
SCN8A,HP:0000961
SCN8A,HP:0001249
SCN8A,HP:0001250
SCN8A,HP:0001251
SCN8A,HP:0001252
SCN8A,HP:0001257
SCN8A,HP:0001260
SCN8A,HP:0001263
SCN8A,HP:0001265
SCN8A,HP:0001266
SCN8A,HP:0001268
SCN8A,HP:0001270
SCN8A,HP:0001272
SCN8A,HP:0001273
SCN8A,HP:0001276
SCN8A,HP:0001288
SCN8A,HP:0001290
SCN8A,HP:0001298
SCN8A,HP:0001310
SCN8A,HP:0001315
SCN8A,HP:0001332
SCN8A,HP:0001336
SCN8A,HP:0001337
SCN8A,HP:0001508
SCN8A,HP:0001558
SCN8A,HP:0001561
SCN8A,HP:0002020
SCN8A,HP:0002059
SCN8A,HP:0002063
SCN8A,HP:0002066
SCN8A,HP:0002069
SCN8A,HP:0002072
SCN8A,HP:0002104
SCN8A,HP:0002121
SCN8A,HP:0002133
SCN8A,HP:0002266
SCN8A,HP:0002305
SCN8A,HP:0002317
SCN8A,HP:0002361
SCN8A,HP:0002372
SCN8A,HP:0002373
SCN8A,HP:0002376
SCN8A,HP:0002384
SCN8A,HP:0002421
SCN8A,HP:0002509
SCN8A,HP:0002521
SCN8A,HP:0003577
SCN8A,HP:0003593
SCN8A,HP:0003623
SCN8A,HP:0003680
SCN8A,HP:0004305
SCN8A,HP:0004322
SCN8A,HP:0006813
SCN8A,HP:0007018
SCN8A,HP:0007166
SCN8A,HP:0007334
SCN8A,HP:0007359
SCN8A,HP:0010818
SCN8A,HP:0010841
SCN8A,HP:0010844
SCN8A,HP:0010850
SCN8A,HP:0011097
SCN8A,HP:0011153
SCN8A,HP:0011167
SCN8A,HP:0011169
SCN8A,HP:0011171
SCN8A,HP:0011172
SCN8A,HP:0011182
SCN8A,HP:0011443
SCN8A,HP:0011463
SCN8A,HP:0011968
SCN8A,HP:0012002
SCN8A,HP:0012444
SCN8A,HP:0012447
SCN8A,HP:0012547
SCN8A,HP:0020221
SCN8A,HP:0025162
SCN8A,HP:0025312
SCN8A,HP:0031936
SCN8A,HP:0032678
SCN8A,HP:0032755
SCN8A,HP:0032792
SCN8A,HP:0032807
SCN8A,HP:0032823
SCN8A,HP:0032906
SCN8A,HP:0033258
SCN8A,HP:0045084
SCN8A,HP:0100660
SCN8A,HP:0100710
SCN8A,HP:0200134
SCN8A,HP:0410263
SCN9A,HP:0000006
SCN9A,HP:0000007
SCN9A,HP:0000020
SCN9A,HP:0000217
SCN9A,HP:0000224
SCN9A,HP:0000458
SCN9A,HP:0000466
SCN9A,HP:0000622
SCN9A,HP:0000632
SCN9A,HP:0000729
SCN9A,HP:0000736
SCN9A,HP:0000739
SCN9A,HP:0000762
SCN9A,HP:0000966
SCN9A,HP:0000970
SCN9A,HP:0000975
SCN9A,HP:0000980
SCN9A,HP:0000989
SCN9A,HP:0001069
SCN9A,HP:0001097
SCN9A,HP:0001182
SCN9A,HP:0001249
SCN9A,HP:0001250
SCN9A,HP:0001251
SCN9A,HP:0001252
SCN9A,HP:0001265
SCN9A,HP:0001284
SCN9A,HP:0001290
SCN9A,HP:0001300
SCN9A,HP:0001327
SCN9A,HP:0001336
SCN9A,HP:0001337
SCN9A,HP:0001649
SCN9A,HP:0001662
SCN9A,HP:0001763
SCN9A,HP:0001810
SCN9A,HP:0001818
SCN9A,HP:0001842
SCN9A,HP:0001872
SCN9A,HP:0001909
SCN9A,HP:0001939
SCN9A,HP:0001962
SCN9A,HP:0002014
SCN9A,HP:0002019
SCN9A,HP:0002020
SCN9A,HP:0002045
SCN9A,HP:0002063
SCN9A,HP:0002067
SCN9A,HP:0002069
SCN9A,HP:0002121
SCN9A,HP:0002123
SCN9A,HP:0002133
SCN9A,HP:0002197
SCN9A,HP:0002205
SCN9A,HP:0002283
SCN9A,HP:0002307
SCN9A,HP:0002311
SCN9A,HP:0002345
SCN9A,HP:0002349
SCN9A,HP:0002373
SCN9A,HP:0002376
SCN9A,HP:0002384
SCN9A,HP:0002396
SCN9A,HP:0002539
SCN9A,HP:0002633
SCN9A,HP:0002645
SCN9A,HP:0002661
SCN9A,HP:0002797
SCN9A,HP:0002815
SCN9A,HP:0002936
SCN9A,HP:0003028
SCN9A,HP:0003066
SCN9A,HP:0003103
SCN9A,HP:0003202
SCN9A,HP:0003272
SCN9A,HP:0003307
SCN9A,HP:0003326
SCN9A,HP:0003380
SCN9A,HP:0003401
SCN9A,HP:0003448
SCN9A,HP:0003577
SCN9A,HP:0003593
SCN9A,HP:0003621
SCN9A,HP:0003623
SCN9A,HP:0003677
SCN9A,HP:0004349
SCN9A,HP:0004409
SCN9A,HP:0004684
SCN9A,HP:0005930
SCN9A,HP:0006121
SCN9A,HP:0006813
SCN9A,HP:0007010
SCN9A,HP:0007021
SCN9A,HP:0007058
SCN9A,HP:0007207
SCN9A,HP:0007240
SCN9A,HP:0007270
SCN9A,HP:0007328
SCN9A,HP:0007359
SCN9A,HP:0007460
SCN9A,HP:0008000
SCN9A,HP:0008081
SCN9A,HP:0008391
SCN9A,HP:0008770
SCN9A,HP:0008872
SCN9A,HP:0008947
SCN9A,HP:0009771
SCN9A,HP:0009830
SCN9A,HP:0010741
SCN9A,HP:0010783
SCN9A,HP:0010818
SCN9A,HP:0010819
SCN9A,HP:0010829
SCN9A,HP:0010830
SCN9A,HP:0010831
SCN9A,HP:0010841
SCN9A,HP:0010850
SCN9A,HP:0011151
SCN9A,HP:0011169
SCN9A,HP:0011172
SCN9A,HP:0011182
SCN9A,HP:0011185
SCN9A,HP:0011198
SCN9A,HP:0011468
SCN9A,HP:0012332
SCN9A,HP:0012531
SCN9A,HP:0012533
SCN9A,HP:0012534
SCN9A,HP:0012847
SCN9A,HP:0025101
SCN9A,HP:0031284
SCN9A,HP:0031417
SCN9A,HP:0031475
SCN9A,HP:0032147
SCN9A,HP:0040129
SCN9A,HP:0040264
SCN9A,HP:0100543
SCN9A,HP:0100694
SCN9A,HP:0100710
SCN9A,HP:0200025
SCN9A,HP:0200026
SCN9A,HP:0200048
SCN9A,HP:0200101
SCN9A,HP:0500005
SLCO1B1,HP:0000924
SLCO1B1,HP:0000952
SLCO1B1,HP:0000989
SLCO1B1,HP:0001000
SLCO1B1,HP:0001046
SLCO1B1,HP:0002904
SLCO1B1,HP:0002908
SLCO1B1,HP:0010473
SLCO1B1,HP:0010984
SLCO1B1,HP:0012379
SLCO1B1,HP:0031137
SLCO1B1,HP:0031811
SLCO1B1,HP:0032106
SLCO1B1,HP:0003326
SLCO1B1,HP:0003198
HLA-B,HP:0016266
HLA-B,HP:0005558
SLCO1B1,HP:0003236
